{
    "Accuracy": 0.9706140553527699,
    "Precision": 0.7262921348314607,
    "Recall": 0.9835666463785758,
    "F1 Score": 0.8355739400206825,
    "ROC AUC": 0.997320572124163,
    "Average Precision": 0.9762054895168147
}